<?xml version="1.0" encoding="UTF-8"?>
<!DOCTYPE suite SYSTEM "http://testng.org/testng-1.0.dtd">
<suite name="Suite">
  <test name="RealDeviceTest">
  <parameter name ="platformVersion" value="9"> </parameter>
    <parameter name ="deviceName" value="1a67cc62"> </parameter>
    <classes>
      <class name="androidTestCases.LoginAppTestWithPrm"/>
    </classes>
  </test> 
  
  <test  name="EmulatorDeviceTest">
  <parameter name ="platformVersion" value="9"> </parameter>
    <parameter name ="deviceName" value="emulator-5554"> </parameter>
    <classes>
      <class name="androidTestCases.LoginAppTestWithPrm"/>
    </classes>
  </test> <!-- Test -->
  
  
</suite> <!-- Suite -->
